[
  {
    "Category": [
      {"id": 1, "name": "Bank", "isActive": true, "imageUrl": "/assets/banking.svg"}      
    ]   
  },
  {
    "SubCategory": [
      {"id": 1, "name": "IBPS PO", "categoryId": 1, "categoryName": "Bank", "duration": 180, "isActive": true}      
    ]
  },
  {
    "Question":[
      { "id": 1, "subCategoryId": 1, "content": "When India got independent ?",        
        "option": ["1945", "1950", "1947", "1942"], 
        "answer": [0,0,1,0], "isActive": true }
    ]
  },
  {
    "FeaturedCourse":[
      {"id": 1, "courseName": "Java", "description": "Essential Java SE Programming", "imageTag":"Java", 
        "module": ["Java Environment and Tools", "Hello Java", "Java Language"," Hello Again","Statements and Expressions, Again","Objects in Java", "etc..."], "duration": "4 Weeks", "price": 4000},
      {"id": 2, "courseName": "JS Programming", "description": "Essential JavaScript Programming","imageTag":"JSProgramming", 
        "module": ["Basic HTM", "Basic CSS", "Programming basics", "JavaScript Data Types", "Event listeners", "etc..."], "duration": "7 Week", "price": 5000},
      {"id": 3, "courseName": "Web Development", "description": "Essentials of Front-end Web Development","imageTag":"WebDevelopment", 
        "module": ["Initial HTML", "Cascading Stylesheets", "Introduction to JavaScript", "Understanding Document Object Model (DOM)", "Applications of JavaScript in Web apps", "etc..."], "duration": "4 Week", "price": 3600},
      {"id": 4, "courseName": "Python Programming", "description": "Essential Python Programming","imageTag":"PythonProgramming", 
        "module": ["Introduction to Python", "Data types", "Program control flow", "Python data structures", "Functions", "etc..."], "duration": "4 Week", "price": 4000},
      {"id": 5, "courseName": "Data Structure and Algorithms", "description": "Essential Data Structure and Algorithms ","imageTag":"DataStructure", 
        "module": ["Introduction", "Searching and Sorting", "Lists, Stacks and Queues", "Trees and their applications","Hashing", "etc..."], "duration": "6 Week", "price": 4500},
      {"id":6, "courseName": "Data Science", "description": "Data Science Foundation with Python","imageTag":"DataScience", 
        "module": ["Introduction to Data Science", "Fundamentals and Basics of Python", "Data Structures and Control Structures in Python", "Functions and Libraries","etc..."], "duration": "4 Week", "price":4200 }
    ]
  }
]